,Species,8-state,3-state
0,B. subtilis,0.040000000000000015,0.0
1,B. subtilis,0.1,0.07999999999999999
2,B. subtilis,0.08,0.04
3,B. subtilis,0.07999999999999999,0.06000000000000001
4,B. subtilis,0.1,0.04
5,B. subtilis,0.08,0.06
6,B. subtilis,0.1,0.020000000000000004
7,B. subtilis,0.09999999999999998,0.04
8,B. subtilis,0.14,0.06
9,B. subtilis,0.040000000000000015,0.0
10,B. subtilis,0.14,0.06000000000000001
11,B. subtilis,0.1,0.08000000000000003
12,B. subtilis,0.06000000000000001,0.04
13,B. subtilis,0.1,0.05999999999999999
14,B. subtilis,0.06000000000000001,0.04
15,B. subtilis,0.1,0.08000000000000003
16,B. subtilis,0.04,0.02
17,B. subtilis,0.06000000000000001,0.020000000000000004
18,B. subtilis,0.040000000000000015,0.02
19,B. subtilis,0.06000000000000001,0.02
20,B. subtilis,0.02,0.0
21,B. subtilis,0.1,0.040000000000000015
22,B. subtilis,0.1,0.08
23,B. subtilis,0.18000000000000002,0.14
24,B. subtilis,0.1,0.04
25,B. subtilis,0.08,0.04
26,B. subtilis,0.06000000000000001,0.04
27,B. subtilis,0.07999999999999999,0.06000000000000001
28,B. subtilis,0.06000000000000001,0.04
29,B. subtilis,0.12,0.1
30,B. subtilis,0.02,0.02
31,B. subtilis,0.11999999999999998,0.10000000000000002
32,B. subtilis,0.04,0.04
33,B. subtilis,0.11999999999999998,0.1
34,B. subtilis,0.06000000000000001,0.040000000000000015
35,B. subtilis,0.14,0.14
36,B. subtilis,0.16,0.08000000000000003
37,B. subtilis,0.12,0.1
38,B. subtilis,0.15999999999999998,0.09999999999999998
39,B. subtilis,0.1,0.08000000000000003
40,B. subtilis,0.20000000000000007,0.14
41,B. subtilis,0.06000000000000001,0.04
42,B. subtilis,0.1,0.08
43,B. subtilis,0.1,0.07999999999999999
44,B. subtilis,0.08,0.06
45,B. subtilis,0.09999999999999998,0.06
46,B. subtilis,0.08,0.06000000000000001
47,B. subtilis,0.0,0.0
48,B. subtilis,0.04,0.04
49,B. subtilis,0.06000000000000001,0.06
50,B. subtilis,0.0,0.0
51,B. subtilis,0.02,0.02
52,B. subtilis,0.0,0.0
53,B. subtilis,0.04,0.02
54,B. subtilis,0.040000000000000015,0.02000000000000001
55,B. subtilis,0.02,0.02
56,B. subtilis,0.02,0.0
57,B. subtilis,0.0,0.0
58,B. subtilis,0.02,0.020000000000000004
59,B. subtilis,0.0,0.0
60,B. subtilis,0.040000000000000015,0.04
61,B. subtilis,0.0,0.0
62,B. subtilis,0.0,0.0
63,B. subtilis,0.02,0.0
64,B. subtilis,0.06000000000000001,0.02
65,B. subtilis,0.06000000000000001,0.02000000000000001
66,B. subtilis,0.06000000000000001,0.02
67,B. subtilis,0.02,0.0
68,B. subtilis,0.14,0.07999999999999999
69,B. subtilis,0.08,0.05999999999999999
70,B. subtilis,0.1,0.08000000000000003
71,B. subtilis,0.08,0.06000000000000001
72,B. subtilis,0.08,0.06000000000000001
73,B. subtilis,0.06000000000000001,0.04
74,B. subtilis,0.08,0.06
75,B. subtilis,0.14,0.1
76,B. subtilis,0.04,0.04
77,B. subtilis,0.16,0.12
78,B. subtilis,0.06000000000000001,0.04
79,B. subtilis,0.08,0.06
80,B. subtilis,0.09999999999999998,0.06000000000000001
81,B. subtilis,0.1,0.07999999999999999
82,B. subtilis,0.1,0.06
83,B. subtilis,0.09999999999999998,0.06
84,B. subtilis,0.1,0.06
85,B. subtilis,0.06000000000000001,0.04
86,B. subtilis,0.1,0.08
87,B. subtilis,0.06,0.040000000000000015
88,B. subtilis,0.08,0.06
0,D. vulgaris,0.08,0.04
1,D. vulgaris,0.019999999999999997,0.019999999999999997
2,D. vulgaris,0.14,0.08000000000000003
3,D. vulgaris,0.1,0.04
4,D. vulgaris,0.04,0.04
5,D. vulgaris,0.14,0.06000000000000001
6,D. vulgaris,0.16,0.1
7,D. vulgaris,0.16,0.09999999999999998
8,D. vulgaris,0.06,0.040000000000000015
9,D. vulgaris,0.18000000000000005,0.1
10,D. vulgaris,0.20000000000000004,0.11999999999999998
11,D. vulgaris,0.02,0.019999999999999997
12,D. vulgaris,0.14,0.08
13,D. vulgaris,0.18000000000000005,0.11999999999999998
14,D. vulgaris,0.02,0.02
15,D. vulgaris,0.16,0.08
16,D. vulgaris,0.18000000000000005,0.11999999999999998
17,D. vulgaris,0.02,0.019999999999999997
18,D. vulgaris,0.11999999999999998,0.06
19,D. vulgaris,0.08,0.060000000000000026
20,D. vulgaris,0.08,0.02
21,D. vulgaris,0.11999999999999995,0.06
22,D. vulgaris,0.1,0.05999999999999999
23,D. vulgaris,0.06000000000000001,0.0
24,D. vulgaris,0.06000000000000001,0.04
25,D. vulgaris,0.06,0.06
26,D. vulgaris,0.020000000000000004,0.02
27,D. vulgaris,0.06000000000000001,0.040000000000000015
28,D. vulgaris,0.06,0.06000000000000001
29,D. vulgaris,0.1,0.07999999999999999
30,D. vulgaris,0.09999999999999998,0.06000000000000001
31,D. vulgaris,0.18000000000000002,0.12
32,D. vulgaris,0.22000000000000008,0.1
33,D. vulgaris,0.02,0.02000000000000001
34,D. vulgaris,0.18000000000000005,0.11999999999999998
35,D. vulgaris,0.20000000000000004,0.07999999999999999
36,D. vulgaris,0.02,0.019999999999999997
37,D. vulgaris,0.18000000000000002,0.09999999999999998
38,D. vulgaris,0.16000000000000006,0.1
39,D. vulgaris,0.02000000000000001,0.02
40,D. vulgaris,0.18000000000000002,0.09999999999999998
41,D. vulgaris,0.04,0.04
42,D. vulgaris,0.02000000000000001,0.02000000000000001
43,D. vulgaris,0.06,0.06000000000000001
44,D. vulgaris,0.04,0.020000000000000004
45,D. vulgaris,0.040000000000000015,0.04
46,D. vulgaris,0.04,0.04
47,D. vulgaris,0.06000000000000001,0.04
48,D. vulgaris,0.060000000000000026,0.04
49,D. vulgaris,0.1,0.1
50,D. vulgaris,0.04,0.04
51,D. vulgaris,0.08,0.06000000000000001
52,D. vulgaris,0.08,0.08
53,D. vulgaris,0.04,0.04
54,D. vulgaris,0.020000000000000004,0.02
55,D. vulgaris,0.08,0.07999999999999999
56,D. vulgaris,0.06000000000000001,0.04
57,D. vulgaris,0.04,0.04
58,D. vulgaris,0.06000000000000001,0.06000000000000001
59,D. vulgaris,0.08,0.06000000000000001
60,D. vulgaris,0.1,0.07999999999999997
61,D. vulgaris,0.08,0.040000000000000015
62,D. vulgaris,0.06000000000000001,0.06000000000000001
63,D. vulgaris,0.1,0.07999999999999999
64,D. vulgaris,0.08000000000000003,0.04
65,D. vulgaris,0.06000000000000001,0.04
66,D. vulgaris,0.08,0.06000000000000001
67,D. vulgaris,0.06000000000000001,0.04
68,D. vulgaris,0.06000000000000001,0.06000000000000001
69,D. vulgaris,0.06000000000000001,0.04
70,D. vulgaris,0.04000000000000002,0.040000000000000015
71,D. vulgaris,0.1,0.1
72,D. vulgaris,0.1,0.08000000000000003
73,D. vulgaris,0.0,0.0
74,D. vulgaris,0.1,0.1
75,D. vulgaris,0.1,0.08
76,D. vulgaris,0.0,0.0
77,D. vulgaris,0.04,0.04
78,D. vulgaris,0.040000000000000015,0.04
79,D. vulgaris,0.040000000000000015,0.04
80,D. vulgaris,0.06000000000000001,0.06000000000000001
81,D. vulgaris,0.06000000000000001,0.04
82,D. vulgaris,0.04,0.02000000000000001
83,D. vulgaris,0.02,0.02000000000000001
84,D. vulgaris,0.04,0.020000000000000004
85,D. vulgaris,0.06,0.02
86,D. vulgaris,0.02,0.02000000000000001
87,D. vulgaris,0.08,0.06000000000000001
88,D. vulgaris,0.06000000000000001,0.02000000000000001
89,D. vulgaris,0.04,0.040000000000000015
90,D. vulgaris,0.0,0.0
91,D. vulgaris,0.020000000000000004,0.01999999999999999
92,D. vulgaris,0.04,0.040000000000000015
93,D. vulgaris,0.040000000000000015,0.040000000000000015
94,D. vulgaris,0.06000000000000001,0.04
95,D. vulgaris,0.02,0.02
96,D. vulgaris,0.08,0.06000000000000001
97,D. vulgaris,0.06000000000000001,0.02
98,D. vulgaris,0.02,0.02
99,D. vulgaris,0.08,0.06000000000000001
100,D. vulgaris,0.040000000000000015,0.04
101,D. vulgaris,0.06000000000000001,0.06000000000000001
102,D. vulgaris,0.1,0.08
103,D. vulgaris,0.040000000000000015,0.04
104,D. vulgaris,0.06000000000000001,0.06
105,D. vulgaris,0.08,0.08
106,D. vulgaris,0.08,0.040000000000000015
107,D. vulgaris,0.02,0.02
108,D. vulgaris,0.11999999999999998,0.1
109,D. vulgaris,0.08,0.040000000000000015
110,D. vulgaris,0.04,0.04
111,D. vulgaris,0.1,0.1
112,D. vulgaris,0.08,0.06000000000000001
113,D. vulgaris,0.16,0.14
114,D. vulgaris,0.14,0.11999999999999998
115,D. vulgaris,0.08,0.07999999999999999
116,D. vulgaris,0.18,0.16000000000000006
0,L. lactis,0.18000000000000005,0.1
1,L. lactis,0.15999999999999998,0.09999999999999998
2,L. lactis,0.09999999999999998,0.07999999999999999
3,L. lactis,0.12,0.040000000000000015
4,L. lactis,0.14,0.11999999999999998
5,L. lactis,0.04000000000000002,0.02000000000000001
6,L. lactis,0.20000000000000007,0.18
7,L. lactis,0.1,0.06000000000000001
8,L. lactis,0.0,0.0
9,L. lactis,0.06,0.04
10,L. lactis,0.14000000000000004,0.12
11,L. lactis,0.10000000000000002,0.1
12,L. lactis,0.10000000000000002,0.08
13,L. lactis,0.08,0.08
0,P. fluorescens,0.12,0.04
1,P. fluorescens,0.04,0.02
2,P. fluorescens,0.04,0.020000000000000004
3,P. fluorescens,0.2400000000000001,0.16
4,P. fluorescens,0.3200000000000001,0.2400000000000001
5,P. fluorescens,0.18000000000000002,0.10000000000000003
6,P. fluorescens,0.06000000000000001,0.02
7,P. fluorescens,0.06000000000000001,0.040000000000000015
8,P. fluorescens,0.16,0.1
9,P. fluorescens,0.4000000000000001,0.32
10,P. fluorescens,0.08,0.08000000000000003
11,P. fluorescens,0.14,0.02
12,P. fluorescens,0.04,0.04
13,P. fluorescens,0.12,0.04
14,P. fluorescens,0.20000000000000004,0.15999999999999998
15,P. fluorescens,0.4000000000000001,0.30000000000000004
16,P. fluorescens,0.18000000000000002,0.06000000000000001
17,P. fluorescens,0.06,0.0
18,P. fluorescens,0.08,0.04
19,P. fluorescens,0.15999999999999998,0.11999999999999998
20,P. fluorescens,0.3800000000000001,0.28
21,P. fluorescens,0.040000000000000015,0.04
22,P. fluorescens,0.12,0.04
23,P. fluorescens,0.1,0.07999999999999999
24,P. fluorescens,0.08,0.02
25,P. fluorescens,0.17999999999999994,0.11999999999999995
26,P. fluorescens,0.14,0.1
27,P. fluorescens,0.02,0.02
28,P. fluorescens,0.14,0.04
29,P. fluorescens,0.1,0.08
30,P. fluorescens,0.020000000000000004,0.020000000000000004
31,P. fluorescens,0.26,0.18000000000000002
32,P. fluorescens,0.040000000000000015,0.02
33,P. fluorescens,0.11999999999999998,0.04
34,P. fluorescens,0.1,0.08
35,P. fluorescens,0.04,0.02
36,P. fluorescens,0.2600000000000001,0.16000000000000006
37,P. fluorescens,0.06,0.040000000000000015
38,P. fluorescens,0.30000000000000004,0.08
39,P. fluorescens,0.14,0.1
40,P. fluorescens,0.0,0.0
41,P. fluorescens,0.14,0.11999999999999995
42,P. fluorescens,0.22000000000000008,0.14
0,P. putida,0.04,0.04
1,P. putida,0.02,0.02
2,P. putida,0.02,0.01999999999999999
3,P. putida,0.11999999999999998,0.06000000000000001
4,P. putida,0.18000000000000002,0.09999999999999998
5,P. putida,0.02,0.02
6,P. putida,0.0,0.0
7,P. putida,0.0,0.0
8,P. putida,0.02,0.0
9,P. putida,0.0,0.0
10,P. putida,0.0,0.0
11,P. putida,0.04,0.0
12,P. putida,0.0,0.0
13,P. putida,0.0,0.0
14,P. putida,0.1,0.06
15,P. putida,0.02,0.02
16,P. putida,0.02,0.02000000000000001
17,P. putida,0.04,0.0
18,P. putida,0.02000000000000001,0.020000000000000004
19,P. putida,0.06000000000000001,0.06000000000000001
20,P. putida,0.11999999999999995,0.08
21,P. putida,0.02,0.02
22,P. putida,0.0,0.0
23,P. putida,0.02000000000000001,0.020000000000000004
24,P. putida,0.04,0.0
25,P. putida,0.0,0.0
26,P. putida,0.12,0.07999999999999999
27,P. putida,0.04,0.0
28,P. putida,0.0,0.0
29,P. putida,0.0,0.0
30,P. putida,0.0,0.0
31,P. putida,0.0,0.0
32,P. putida,0.07999999999999999,0.04
33,P. putida,0.11999999999999998,0.12
34,P. putida,0.0,0.0
35,P. putida,0.1,0.06000000000000001
36,P. putida,0.06000000000000001,0.06000000000000001
37,P. putida,0.02,0.019999999999999997
38,P. putida,0.1,0.1
39,P. putida,0.020000000000000004,0.020000000000000004
40,P. putida,0.020000000000000004,0.0
41,P. putida,0.020000000000000004,0.0
42,P. putida,0.06000000000000001,0.06
43,P. putida,0.04,0.0
44,P. putida,0.0,0.0
45,P. putida,0.0,0.0
46,P. putida,0.04,0.020000000000000004
47,P. putida,0.02,0.020000000000000004
48,P. putida,0.04,0.0
49,P. putida,0.0,0.0
50,P. putida,0.1,0.02
51,P. putida,0.13999999999999996,0.07999999999999999
52,P. putida,0.02,0.02
53,P. putida,0.02,0.02000000000000001
54,P. putida,0.04,0.0
55,P. putida,0.0,0.0
56,P. putida,0.06000000000000001,0.019999999999999997
57,P. putida,0.02,0.02
58,P. putida,0.04,0.04
59,P. putida,0.04,0.0
60,P. putida,0.0,0.0
61,P. putida,0.04,0.0
62,P. putida,0.16,0.08
63,P. putida,0.04,0.040000000000000015
64,P. putida,0.04,0.0
65,P. putida,0.0,0.0
66,P. putida,0.0,0.0
67,P. putida,0.09999999999999998,0.07999999999999999
68,P. putida,0.02,0.02
69,P. putida,0.05999999999999999,0.02
70,P. putida,0.02000000000000001,0.01999999999999999
71,P. putida,0.0,0.0
72,P. putida,0.040000000000000015,0.02
73,P. putida,0.0,0.0
74,P. putida,0.02,0.019999999999999997
75,P. putida,0.04,0.0
76,P. putida,0.0,0.0
77,P. putida,0.020000000000000004,0.0
78,P. putida,0.07999999999999999,0.06000000000000001
79,P. putida,0.02,0.02
80,P. putida,0.02,0.02
81,P. putida,0.0,0.0
82,P. putida,0.0,0.0
83,P. putida,0.0,0.0
84,P. putida,0.040000000000000015,0.04000000000000002
85,P. putida,0.06000000000000001,0.020000000000000004
86,P. putida,0.0,0.0
87,P. putida,0.0,0.0
88,P. putida,0.02,0.0
89,P. putida,0.0,0.0
90,P. putida,0.04,0.040000000000000015
91,P. putida,0.0,0.0
92,P. putida,0.0,0.0
93,P. putida,0.0,0.0
94,P. putida,0.0,0.0
95,P. putida,0.04,0.04
96,P. putida,0.08,0.02
97,P. putida,0.12,0.1
98,P. putida,0.02,0.0
99,P. putida,0.020000000000000004,0.020000000000000004
100,P. putida,0.08,0.08
101,P. putida,0.1,0.02
102,P. putida,0.11999999999999998,0.1
103,P. putida,0.040000000000000015,0.04
104,P. putida,0.09999999999999998,0.08
105,P. putida,0.04,0.04
106,P. putida,0.08,0.04
107,P. putida,0.11999999999999998,0.12
108,P. putida,0.040000000000000015,0.04
109,P. putida,0.06000000000000001,0.0
110,P. putida,0.20000000000000004,0.14
111,P. putida,0.02,0.019999999999999997
112,P. putida,0.06000000000000001,0.02
113,P. putida,0.02,0.02
114,P. putida,0.07999999999999999,0.06000000000000001
115,P. putida,0.02,0.019999999999999997
116,P. putida,0.02,0.02
117,P. putida,0.06000000000000001,0.02
118,P. putida,0.04000000000000002,0.040000000000000015
119,P. putida,0.1,0.02
120,P. putida,0.06000000000000001,0.04
121,P. putida,0.07999999999999999,0.07999999999999999
122,P. putida,0.04,0.0
123,P. putida,0.02,0.01999999999999999
124,P. putida,0.04,0.02
125,P. putida,0.06000000000000001,0.06
126,P. putida,0.02,0.02
127,P. putida,0.02,0.02
128,P. putida,0.1,0.1
129,P. putida,0.020000000000000004,0.020000000000000004
130,P. putida,0.06000000000000001,0.0
131,P. putida,0.040000000000000015,0.04
132,P. putida,0.04,0.04
133,P. putida,0.2600000000000001,0.20000000000000007
134,P. putida,0.02,0.02
135,P. putida,0.06000000000000001,0.06000000000000001
136,P. putida,0.18,0.13999999999999996
137,P. putida,0.04,0.02
138,P. putida,0.11999999999999998,0.08
139,P. putida,0.12,0.1
140,P. putida,0.04,0.02
141,P. putida,0.16,0.08
142,P. putida,0.11999999999999998,0.1
143,P. putida,0.06000000000000001,0.02
144,P. putida,0.0,0.0
145,P. putida,0.0,0.0
146,P. putida,0.09999999999999998,0.06
147,P. putida,0.02,0.02
148,P. putida,0.02,0.02000000000000001
149,P. putida,0.0,0.0
150,P. putida,0.02,0.02
151,P. putida,0.08,0.08000000000000003
152,P. putida,0.18000000000000002,0.11999999999999998
153,P. putida,0.02,0.02
154,P. putida,0.06000000000000001,0.02
155,P. putida,0.02000000000000001,0.02000000000000001
156,P. putida,0.02,0.0
157,P. putida,0.08,0.06000000000000001
158,P. putida,0.02,0.020000000000000004
159,P. putida,0.02,0.0
160,P. putida,0.0,0.0
161,P. putida,0.04,0.04
162,P. putida,0.02,0.0
163,P. putida,0.0,0.0
164,P. putida,0.02,0.02
165,P. putida,0.02,0.02
166,P. putida,0.02,0.0
167,P. putida,0.06000000000000001,0.06
168,P. putida,0.06000000000000001,0.06
169,P. putida,0.04,0.04
170,P. putida,0.0,0.0
171,P. putida,0.0,0.0
172,P. putida,0.0,0.0
173,P. putida,0.11999999999999995,0.07999999999999999
174,P. putida,0.02,0.02
175,P. putida,0.02,0.0
176,P. putida,0.1,0.1
177,P. putida,0.0,0.0
178,P. putida,0.02,0.0
179,P. putida,0.1,0.08
180,P. putida,0.04,0.0
181,P. putida,0.0,0.0
182,P. putida,0.0,0.0
183,P. putida,0.02,0.0
184,P. putida,0.060000000000000026,0.06000000000000001
185,P. putida,0.04,0.04000000000000002
186,P. putida,0.04,0.0
187,P. putida,0.0,0.0
188,P. putida,0.0,0.0
189,P. putida,0.0,0.0
190,P. putida,0.04,0.04
191,P. putida,0.12,0.08
192,P. putida,0.1,0.06000000000000001
193,P. putida,0.06000000000000001,0.06000000000000001
194,P. putida,0.15999999999999998,0.11999999999999995
0,S. enterica,0.04,0.02
1,S. enterica,0.04,0.02
2,S. enterica,0.04000000000000002,0.02000000000000001
3,S. enterica,0.24,0.1
4,S. enterica,0.02,0.02
5,S. enterica,0.060000000000000026,0.02000000000000001
6,S. enterica,0.16,0.08000000000000003
7,S. enterica,0.04,0.02
8,S. enterica,0.06000000000000001,0.02
9,S. enterica,0.2600000000000001,0.12
10,S. enterica,0.04,0.02000000000000001
11,S. enterica,0.06000000000000001,0.04
12,S. enterica,0.2,0.1
13,S. enterica,0.02,0.02
14,S. enterica,0.08,0.08000000000000003
15,S. enterica,0.1,0.0
16,S. enterica,0.18000000000000005,0.14
17,S. enterica,0.18000000000000002,0.07999999999999997
18,S. enterica,0.04,0.019999999999999997
19,S. enterica,0.2600000000000001,0.14
20,S. enterica,0.2,0.18
21,S. enterica,0.20000000000000004,0.08
22,S. enterica,0.08,0.04
23,S. enterica,0.14,0.02
24,S. enterica,0.2400000000000001,0.11999999999999998
25,S. enterica,0.3400000000000001,0.24
26,S. enterica,0.09999999999999998,0.04
27,S. enterica,0.07999999999999999,0.0
28,S. enterica,0.04,0.02
29,S. enterica,0.24000000000000005,0.14
30,S. enterica,0.12,0.04
31,S. enterica,0.04000000000000002,0.02
32,S. enterica,0.11999999999999998,0.06000000000000001
33,S. enterica,0.1,0.02000000000000001
34,S. enterica,0.14,0.02
35,S. enterica,0.020000000000000004,0.02
36,S. enterica,0.18000000000000005,0.08000000000000003
37,S. enterica,0.07999999999999999,0.0
38,S. enterica,0.12,0.05999999999999998
39,S. enterica,0.04,0.020000000000000004
40,S. enterica,0.18000000000000002,0.08000000000000003
41,S. enterica,0.14,0.0
42,S. enterica,0.08,0.06
43,S. enterica,0.20000000000000007,0.07999999999999999
44,S. enterica,0.06000000000000001,0.02000000000000001
45,S. enterica,0.14,0.05999999999999999
46,S. enterica,0.08,0.06000000000000001
47,S. enterica,0.18000000000000002,0.06000000000000001
48,S. enterica,0.07999999999999999,0.02000000000000001
49,S. enterica,0.040000000000000015,0.04000000000000002
50,S. enterica,0.11999999999999995,0.08000000000000003
51,S. enterica,0.09999999999999998,0.02
52,S. enterica,0.13999999999999996,0.040000000000000015
53,S. enterica,0.02,0.02
54,S. enterica,0.16,0.06000000000000001
55,S. enterica,0.09999999999999998,0.02
56,S. enterica,0.20000000000000007,0.14
57,S. enterica,0.11999999999999998,0.06000000000000001
58,S. enterica,0.16000000000000006,0.08000000000000003
59,S. enterica,0.07999999999999999,0.02
60,S. enterica,0.06,0.04
61,S. enterica,0.18000000000000005,0.08000000000000003
62,S. enterica,0.1,0.02000000000000001
63,S. enterica,0.08000000000000003,0.05999999999999998
64,S. enterica,0.04,0.020000000000000004
65,S. enterica,0.18000000000000002,0.08000000000000003
66,S. enterica,0.08,0.0
67,S. enterica,0.040000000000000015,0.04
68,S. enterica,0.20000000000000007,0.09999999999999998
69,S. enterica,0.11999999999999998,0.07999999999999999
70,S. enterica,0.12,0.03999999999999998
71,S. enterica,0.02000000000000001,0.020000000000000014
72,S. enterica,0.18000000000000005,0.08000000000000003
73,S. enterica,0.18000000000000002,0.06
74,S. enterica,0.040000000000000015,0.02000000000000001
75,S. enterica,0.11999999999999995,0.08000000000000003
76,S. enterica,0.09999999999999998,0.02
77,S. enterica,0.1,0.040000000000000015
78,S. enterica,0.04,0.02
79,S. enterica,0.15999999999999998,0.05999999999999999
80,S. enterica,0.09999999999999998,0.02
81,S. enterica,0.040000000000000015,0.04
82,S. enterica,0.14,0.1
83,S. enterica,0.1,0.02000000000000001
84,S. enterica,0.07999999999999999,0.02
85,S. enterica,0.07999999999999999,0.08
86,S. enterica,0.18000000000000005,0.08000000000000003
87,S. enterica,0.07999999999999999,0.0
88,S. enterica,0.060000000000000026,0.05999999999999998
89,S. enterica,0.07999999999999999,0.04
90,S. enterica,0.16000000000000006,0.08000000000000003
91,S. enterica,0.1,0.0
92,S. enterica,0.040000000000000015,0.04
93,S. enterica,0.18000000000000005,0.08000000000000003
94,S. enterica,0.06000000000000001,0.02000000000000001
95,S. enterica,0.08000000000000003,0.03999999999999998
96,S. enterica,0.060000000000000026,0.04000000000000002
97,S. enterica,0.2400000000000001,0.14
98,S. enterica,0.07999999999999999,0.0
99,S. enterica,0.02000000000000001,0.02000000000000001
100,S. enterica,0.15999999999999998,0.12
101,S. enterica,0.09999999999999998,0.02
102,S. enterica,0.08000000000000003,0.040000000000000015
103,S. enterica,0.06000000000000001,0.04
104,S. enterica,0.16,0.08
105,S. enterica,0.1,0.02000000000000001
106,S. enterica,0.06000000000000001,0.06000000000000001
107,S. enterica,0.11999999999999998,0.10000000000000002
108,S. enterica,0.1,0.02000000000000001
109,S. enterica,0.06000000000000001,0.0
110,S. enterica,0.04,0.02
111,S. enterica,0.18000000000000005,0.08000000000000003
112,S. enterica,0.07999999999999999,0.0
113,S. enterica,0.08,0.06000000000000001
114,S. enterica,0.04,0.020000000000000004
115,S. enterica,0.14,0.06000000000000001
116,S. enterica,0.16,0.08000000000000004
117,S. enterica,0.02,0.02
118,S. enterica,0.1,0.04
119,S. enterica,0.06000000000000001,0.02000000000000001
120,S. enterica,0.08000000000000003,0.03999999999999998
121,S. enterica,0.08,0.06000000000000001
122,S. enterica,0.18000000000000005,0.08
123,S. enterica,0.08,0.01999999999999999
124,S. enterica,0.02000000000000001,0.02000000000000001
125,S. enterica,0.07999999999999997,0.06000000000000001
126,S. enterica,0.04,0.0
127,S. enterica,0.09999999999999996,0.02000000000000001
128,S. enterica,0.02,0.02
129,S. enterica,0.04,0.02
130,S. enterica,0.04,0.0
131,S. enterica,0.09999999999999998,0.03999999999999999
132,S. enterica,0.04,0.040000000000000015
133,S. enterica,0.02,0.0
134,S. enterica,0.09999999999999996,0.040000000000000015
135,S. enterica,0.07999999999999999,0.07999999999999999
136,S. enterica,0.06000000000000001,0.04
137,S. enterica,0.06000000000000001,0.02000000000000001
138,S. enterica,0.11999999999999998,0.040000000000000015
139,S. enterica,0.07999999999999999,0.08
140,S. enterica,0.04,0.02
141,S. enterica,0.06,0.02
142,S. enterica,0.040000000000000015,0.020000000000000004
143,S. enterica,0.040000000000000015,0.02
144,S. enterica,0.04,0.0
145,S. enterica,0.1,0.019999999999999983
146,S. enterica,0.04,0.020000000000000004
147,S. enterica,0.06000000000000001,0.04
148,S. enterica,0.14,0.07999999999999999
149,S. enterica,0.06000000000000001,0.060000000000000026
150,S. enterica,0.07999999999999997,0.06000000000000001
151,S. enterica,0.09999999999999998,0.06
152,S. enterica,0.08,0.040000000000000015
153,S. enterica,0.02,0.02
154,S. enterica,0.04,0.02
155,S. enterica,0.06000000000000001,0.02000000000000001
156,S. enterica,0.08,0.03999999999999999
157,S. enterica,0.04,0.040000000000000015
158,S. enterica,0.02,0.0
159,S. enterica,0.08000000000000003,0.040000000000000015
160,S. enterica,0.06,0.04
161,S. enterica,0.1,0.08
162,S. enterica,0.06,0.02
163,S. enterica,0.1,0.02000000000000001
164,S. enterica,0.04,0.020000000000000004
165,S. enterica,0.04,0.02
166,S. enterica,0.14,0.08000000000000004
167,S. enterica,0.07999999999999999,0.04
168,S. enterica,0.040000000000000015,0.02
169,S. enterica,0.04000000000000002,0.02000000000000001
170,S. enterica,0.08000000000000003,0.039999999999999966
171,S. enterica,0.02,0.020000000000000004
172,S. enterica,0.06000000000000001,0.04
173,S. enterica,0.06,0.04
174,S. enterica,0.08,0.060000000000000026
175,S. enterica,0.04,0.02
176,S. enterica,0.04,0.0
177,S. enterica,0.1,0.04000000000000002
178,S. enterica,0.07999999999999999,0.07999999999999997
179,S. enterica,0.04,0.02
180,S. enterica,0.04,0.0
181,S. enterica,0.1,0.03999999999999999
182,S. enterica,0.06000000000000001,0.06000000000000001
183,S. enterica,0.02,0.0
184,S. enterica,0.08,0.040000000000000015
185,S. enterica,0.06000000000000001,0.04
186,S. enterica,0.040000000000000015,0.02
187,S. enterica,0.06,0.02
188,S. enterica,0.08,0.02
189,S. enterica,0.04,0.040000000000000015
190,S. enterica,0.1,0.08000000000000003
191,S. enterica,0.04000000000000002,0.02000000000000001
192,S. enterica,0.07999999999999999,0.06
193,S. enterica,0.040000000000000015,0.02
194,S. enterica,0.02,0.0
195,S. enterica,0.08000000000000003,0.019999999999999983
196,S. enterica,0.04,0.04
197,S. enterica,0.04,0.02
198,S. enterica,0.040000000000000015,0.02
199,S. enterica,0.08,0.060000000000000026
200,S. enterica,0.08000000000000003,0.04000000000000002
201,S. enterica,0.02,0.0
202,S. enterica,0.060000000000000026,0.03999999999999999
203,S. enterica,0.020000000000000004,0.0
204,S. enterica,0.04,0.02
205,S. enterica,0.02,0.0
206,S. enterica,0.06000000000000001,0.040000000000000015
207,S. enterica,0.02,0.02
208,S. enterica,0.02,0.0
209,S. enterica,0.14,0.08
210,S. enterica,0.020000000000000004,0.0
211,S. enterica,0.14,0.060000000000000026
212,S. enterica,0.06,0.02
213,S. enterica,0.08,0.02
214,S. enterica,0.06,0.06
215,S. enterica,0.04,0.02
216,S. enterica,0.020000000000000004,0.0
217,S. enterica,0.1,0.04
218,S. enterica,0.2400000000000001,0.040000000000000015
219,S. enterica,0.04,0.0
220,S. enterica,0.18000000000000005,0.1
221,S. enterica,0.04,0.020000000000000004
222,S. enterica,0.24000000000000005,0.06
223,S. enterica,0.14,0.1
224,S. enterica,0.08,0.04000000000000002
225,S. enterica,0.14,0.06000000000000001
226,S. enterica,0.14,0.02
227,S. enterica,0.16000000000000006,0.1
228,S. enterica,0.07999999999999999,0.06
229,S. enterica,0.24000000000000005,0.04
230,S. enterica,0.1,0.040000000000000015
231,S. enterica,0.16,0.06
232,S. enterica,0.12,0.08000000000000003
233,S. enterica,0.20000000000000004,0.02
234,S. enterica,0.18000000000000002,0.09999999999999996
235,S. enterica,0.11999999999999995,0.040000000000000015
236,S. enterica,0.2400000000000001,0.06000000000000001
237,S. enterica,0.07999999999999999,0.02
238,S. enterica,0.18000000000000002,0.07999999999999999
239,S. enterica,0.07999999999999999,0.040000000000000015
240,S. enterica,0.20000000000000004,0.02000000000000001
241,S. enterica,0.04,0.02
242,S. enterica,0.08,0.020000000000000004
243,S. enterica,0.2600000000000001,0.1
244,S. enterica,0.04,0.0
245,S. enterica,0.18000000000000005,0.08
246,S. enterica,0.04,0.020000000000000004
247,S. enterica,0.2400000000000001,0.06000000000000001
248,S. enterica,0.16,0.12
249,S. enterica,0.08,0.04000000000000002
250,S. enterica,0.16,0.08
251,S. enterica,0.11999999999999998,0.0
252,S. enterica,0.20000000000000007,0.1
253,S. enterica,0.04,0.01999999999999999
254,S. enterica,0.26,0.12
255,S. enterica,0.1,0.06000000000000001
256,S. enterica,0.15999999999999998,0.09999999999999998
257,S. enterica,0.07999999999999999,0.06000000000000001
258,S. enterica,0.20000000000000004,0.02
259,S. enterica,0.06000000000000001,0.06000000000000001
260,S. enterica,0.11999999999999995,0.06000000000000001
261,S. enterica,0.2400000000000001,0.06000000000000001
262,S. enterica,0.07999999999999999,0.04
263,S. enterica,0.22000000000000008,0.1
264,S. enterica,0.09999999999999998,0.040000000000000015
265,S. enterica,0.20000000000000004,0.02000000000000001
266,S. enterica,0.16,0.1
267,S. enterica,0.14,0.06
268,S. enterica,0.2400000000000001,0.06000000000000001
269,S. enterica,0.04,0.0
270,S. enterica,0.20000000000000007,0.08
271,S. enterica,0.09999999999999998,0.07999999999999999
272,S. enterica,0.2400000000000001,0.06000000000000001
273,S. enterica,0.14,0.1
274,S. enterica,0.11999999999999998,0.060000000000000026
275,S. enterica,0.14,0.05999999999999999
276,S. enterica,0.11999999999999998,0.0
277,S. enterica,0.20000000000000004,0.12
278,S. enterica,0.06000000000000001,0.04
279,S. enterica,0.24000000000000005,0.05999999999999999
280,S. enterica,0.1,0.08000000000000003
281,S. enterica,0.18,0.07999999999999999
282,S. enterica,0.09999999999999998,0.08
283,S. enterica,0.20000000000000007,0.08
284,S. enterica,0.16,0.09999999999999996
285,S. enterica,0.18,0.09999999999999998
286,S. enterica,0.2400000000000001,0.06000000000000001
287,S. enterica,0.06000000000000001,0.02
288,S. enterica,0.22000000000000008,0.07999999999999999
289,S. enterica,0.11999999999999998,0.08
290,S. enterica,0.20000000000000007,0.02000000000000001
291,S. enterica,0.14,0.07999999999999999
292,S. enterica,0.15999999999999998,0.07999999999999999
293,S. enterica,0.2600000000000001,0.06000000000000001
294,S. enterica,0.04000000000000002,0.02000000000000001
295,S. enterica,0.22000000000000008,0.1
296,S. enterica,0.0,0.0
297,S. enterica,0.2400000000000001,0.06000000000000001
298,S. enterica,0.14,0.07999999999999999
299,S. enterica,0.08000000000000003,0.060000000000000026
300,S. enterica,0.14,0.05999999999999999
301,S. enterica,0.12,0.0
302,S. enterica,0.1,0.060000000000000026
303,S. enterica,0.020000000000000004,0.0
304,S. enterica,0.16000000000000006,0.02
305,S. enterica,0.11999999999999995,0.1
306,S. enterica,0.15999999999999998,0.07999999999999999
307,S. enterica,0.12,0.1
308,S. enterica,0.20000000000000004,0.02
309,S. enterica,0.16,0.07999999999999997
310,S. enterica,0.04,0.02
311,S. enterica,0.0,0.0
312,S. enterica,0.06000000000000001,0.02
313,S. enterica,0.1,0.06000000000000001
314,S. enterica,0.06000000000000001,0.040000000000000015
315,S. enterica,0.020000000000000004,0.0
316,S. enterica,0.1,0.07999999999999999
317,S. enterica,0.07999999999999999,0.05999999999999999
318,S. enterica,0.02,0.02
319,S. enterica,0.04000000000000002,0.02000000000000001
320,S. enterica,0.11999999999999998,0.1
321,S. enterica,0.04,0.02
322,S. enterica,0.020000000000000004,0.0
323,S. enterica,0.14,0.12
324,S. enterica,0.1,0.060000000000000026
325,S. enterica,0.0,0.0
326,S. enterica,0.04,0.0
327,S. enterica,0.16,0.1
328,S. enterica,0.040000000000000015,0.02
329,S. enterica,0.040000000000000015,0.02
330,S. enterica,0.1,0.09999999999999998
331,S. enterica,0.07999999999999997,0.040000000000000015
332,S. enterica,0.02,0.02
333,S. enterica,0.02,0.0
334,S. enterica,0.060000000000000026,0.040000000000000015
335,S. enterica,0.06000000000000001,0.04
336,S. enterica,0.06000000000000001,0.06
337,S. enterica,0.06000000000000001,0.02
338,S. enterica,0.14,0.08
339,S. enterica,0.06000000000000001,0.040000000000000015
340,S. enterica,0.020000000000000004,0.0
341,S. enterica,0.11999999999999998,0.09999999999999998
342,S. enterica,0.07999999999999999,0.05999999999999999
343,S. enterica,0.02,0.02
344,S. enterica,0.06000000000000001,0.02000000000000001
345,S. enterica,0.18000000000000005,0.1
346,S. enterica,0.04,0.02
347,S. enterica,0.1,0.08
348,S. enterica,0.14,0.12
349,S. enterica,0.08000000000000003,0.06000000000000001
350,S. enterica,0.02,0.02
351,S. enterica,0.04,0.0
352,S. enterica,0.09999999999999998,0.06000000000000001
353,S. enterica,0.04,0.04
354,S. enterica,0.040000000000000015,0.02
355,S. enterica,0.14,0.09999999999999998
356,S. enterica,0.07999999999999997,0.040000000000000015
357,S. enterica,0.02,0.02
358,S. enterica,0.02,0.0
359,S. enterica,0.14,0.09999999999999996
360,S. enterica,0.07999999999999999,0.04
361,S. enterica,0.02,0.02
362,S. enterica,0.06000000000000001,0.02
363,S. enterica,0.16,0.07999999999999999
364,S. enterica,0.08,0.06
365,S. enterica,0.020000000000000004,0.0
366,S. enterica,0.12,0.08000000000000003
367,S. enterica,0.1,0.06000000000000001
368,S. enterica,0.02,0.02
369,S. enterica,0.08,0.040000000000000015
370,S. enterica,0.16000000000000006,0.060000000000000026
371,S. enterica,0.02,0.0
372,S. enterica,0.040000000000000015,0.02
373,S. enterica,0.14,0.12
374,S. enterica,0.08,0.04
375,S. enterica,0.02,0.02
376,S. enterica,0.11999999999999998,0.07999999999999999
377,S. enterica,0.16,0.08
378,S. enterica,0.06000000000000001,0.04
379,S. enterica,0.040000000000000015,0.02
380,S. enterica,0.11999999999999998,0.09999999999999998
381,S. enterica,0.07999999999999997,0.040000000000000015
382,S. enterica,0.02,0.02
383,S. enterica,0.02,0.0
384,S. enterica,0.14,0.07999999999999997
385,S. enterica,0.02,0.02
386,S. enterica,0.02,0.02
387,S. enterica,0.06,0.04
388,S. enterica,0.14,0.06000000000000001
389,S. enterica,0.06,0.06000000000000001
390,S. enterica,0.020000000000000004,0.0
391,S. enterica,0.11999999999999998,0.1
392,S. enterica,0.06000000000000001,0.06000000000000001
393,S. enterica,0.02,0.02
394,S. enterica,0.06000000000000001,0.040000000000000015
395,S. enterica,0.1,0.040000000000000015
396,S. enterica,0.06,0.04
397,S. enterica,0.1,0.02000000000000001
398,S. enterica,0.11999999999999995,0.09999999999999998
399,S. enterica,0.06,0.02
400,S. enterica,0.02,0.02
401,S. enterica,0.04,0.0
402,S. enterica,0.18000000000000005,0.10000000000000002
403,S. enterica,0.11999999999999995,0.09999999999999998
404,S. enterica,0.1,0.04
405,S. enterica,0.1,0.0
406,S. enterica,0.13999999999999996,0.12
407,S. enterica,0.1,0.06
408,S. enterica,0.02,0.0
409,S. enterica,0.11999999999999995,0.040000000000000015
410,S. enterica,0.11999999999999995,0.09999999999999998
411,S. enterica,0.07999999999999999,0.06
412,S. enterica,0.04,0.02
413,S. enterica,0.1,0.04
414,S. enterica,0.20000000000000004,0.14
415,S. enterica,0.02,0.0
416,S. enterica,0.12,0.0
417,S. enterica,0.11999999999999998,0.1
418,S. enterica,0.08,0.04
419,S. enterica,0.06000000000000001,0.02000000000000001
420,S. enterica,0.060000000000000026,0.05999999999999998
421,S. enterica,0.11999999999999995,0.09999999999999998
422,S. enterica,0.1,0.06000000000000001
423,S. enterica,0.1,0.02
424,S. enterica,0.12,0.12000000000000002
425,S. enterica,0.1,0.06000000000000001
426,S. enterica,0.06000000000000001,0.02000000000000001
427,S. enterica,0.18000000000000005,0.11999999999999998
428,S. enterica,0.11999999999999995,0.09999999999999998
429,S. enterica,0.16,0.1
430,S. enterica,0.02,0.0
431,S. enterica,0.14,0.10000000000000002
432,S. enterica,0.1,0.06
433,S. enterica,0.02,0.0
434,S. enterica,0.08,0.02000000000000001
435,S. enterica,0.11999999999999995,0.09999999999999998
436,S. enterica,0.07999999999999999,0.06
437,S. enterica,0.06,0.02
438,S. enterica,0.040000000000000015,0.04
439,S. enterica,0.18000000000000002,0.1
440,S. enterica,0.08,0.06000000000000001
441,S. enterica,0.11999999999999995,0.0
442,S. enterica,0.14,0.14
443,S. enterica,0.07999999999999999,0.06
444,S. enterica,0.06000000000000001,0.02000000000000001
445,S. enterica,0.16,0.11999999999999998
446,S. enterica,0.09999999999999998,0.08
447,S. enterica,0.08,0.06000000000000001
448,S. enterica,0.04,0.02
449,S. enterica,0.14,0.12000000000000002
450,S. enterica,0.1,0.06000000000000001
451,S. enterica,0.06000000000000001,0.02000000000000001
452,S. enterica,0.060000000000000026,0.05999999999999998
453,S. enterica,0.14,0.12
454,S. enterica,0.1,0.06000000000000001
455,S. enterica,0.02,0.0
456,S. enterica,0.11999999999999998,0.10000000000000002
457,S. enterica,0.1,0.07999999999999999
458,S. enterica,0.04,0.0
459,S. enterica,0.040000000000000015,0.040000000000000015
460,S. enterica,0.14,0.11999999999999998
461,S. enterica,0.07999999999999999,0.06
462,S. enterica,0.06000000000000001,0.02000000000000001
463,S. enterica,0.08,0.05999999999999999
464,S. enterica,0.18000000000000002,0.11999999999999998
465,S. enterica,0.02,0.0
466,S. enterica,0.04,0.0
467,S. enterica,0.14,0.12
468,S. enterica,0.14,0.11999999999999998
469,S. enterica,0.06000000000000001,0.02000000000000001
470,S. enterica,0.06000000000000001,0.06000000000000001
471,S. enterica,0.14,0.08
472,S. enterica,0.06000000000000001,0.04
473,S. enterica,0.019999999999999997,0.02000000000000001
474,S. enterica,0.11999999999999995,0.1
475,S. enterica,0.1,0.08
476,S. enterica,0.06000000000000001,0.02000000000000001
477,S. enterica,0.08000000000000003,0.07999999999999997
478,S. enterica,0.06000000000000001,0.06000000000000001
479,S. enterica,0.1,0.06000000000000001
480,S. enterica,0.02,0.0
481,S. enterica,0.1,0.1
482,S. enterica,0.1,0.08
483,S. enterica,0.04,0.0
484,S. enterica,0.08,0.06000000000000001
485,S. enterica,0.14,0.14
486,S. enterica,0.07999999999999999,0.06
487,S. enterica,0.040000000000000015,0.02000000000000001
488,S. enterica,0.20000000000000007,0.14
489,S. enterica,0.16000000000000006,0.12
490,S. enterica,0.1,0.02000000000000001
491,S. enterica,0.06000000000000001,0.02000000000000001
492,S. enterica,0.14,0.11999999999999998
493,S. enterica,0.07999999999999999,0.06
494,S. enterica,0.04,0.0
495,S. enterica,0.09999999999999998,0.060000000000000026
496,S. enterica,0.06000000000000001,0.04
497,S. enterica,0.04,0.02
498,S. enterica,0.1,0.02
499,S. enterica,0.18000000000000005,0.12000000000000002
500,S. enterica,0.06000000000000001,0.04
501,S. enterica,0.02,0.0
502,S. enterica,0.12,0.05999999999999998
503,S. enterica,0.11999999999999998,0.06
504,S. enterica,0.06000000000000001,0.04
505,S. enterica,0.10000000000000002,0.02
506,S. enterica,0.22000000000000008,0.10000000000000003
507,S. enterica,0.04,0.02
508,S. enterica,0.02,0.0
509,S. enterica,0.13999999999999996,0.040000000000000015
510,S. enterica,0.18000000000000002,0.14
511,S. enterica,0.04,0.02
512,S. enterica,0.040000000000000015,0.02000000000000001
513,S. enterica,0.18000000000000005,0.07999999999999999
514,S. enterica,0.04,0.04
515,S. enterica,0.02,0.0
516,S. enterica,0.09999999999999996,0.040000000000000015
517,S. enterica,0.14,0.1
518,S. enterica,0.040000000000000015,0.02
519,S. enterica,0.04,0.02
520,S. enterica,0.20000000000000004,0.12
521,S. enterica,0.06000000000000001,0.04
522,S. enterica,0.1,0.08
523,S. enterica,0.04,0.02000000000000001
524,S. enterica,0.18000000000000005,0.1
525,S. enterica,0.06000000000000001,0.04
526,S. enterica,0.04000000000000002,0.02000000000000001
527,S. enterica,0.1,0.03999999999999998
528,S. enterica,0.1,0.04
529,S. enterica,0.06000000000000001,0.04
530,S. enterica,0.04,0.02
531,S. enterica,0.22000000000000008,0.08000000000000003
532,S. enterica,0.06,0.04
533,S. enterica,0.08,0.06
534,S. enterica,0.11999999999999995,0.02000000000000001
535,S. enterica,0.11999999999999995,0.1
536,S. enterica,0.06000000000000001,0.04
537,S. enterica,0.06000000000000001,0.02000000000000001
538,S. enterica,0.18000000000000005,0.14
539,S. enterica,0.06000000000000001,0.06000000000000001
540,S. enterica,0.02,0.0
541,S. enterica,0.06000000000000001,0.040000000000000015
542,S. enterica,0.16,0.1
543,S. enterica,0.040000000000000015,0.02
544,S. enterica,0.04,0.02
545,S. enterica,0.14,0.06000000000000001
546,S. enterica,0.11999999999999995,0.1
547,S. enterica,0.04,0.02
548,S. enterica,0.04,0.02000000000000001
549,S. enterica,0.24000000000000005,0.14
550,S. enterica,0.06000000000000001,0.04
551,S. enterica,0.02,0.0
552,S. enterica,0.14,0.03999999999999998
553,S. enterica,0.14,0.1
554,S. enterica,0.06000000000000001,0.04
555,S. enterica,0.06000000000000001,0.0
556,S. enterica,0.20000000000000007,0.14
557,S. enterica,0.06,0.04
558,S. enterica,0.02,0.0
559,S. enterica,0.06000000000000001,0.019999999999999983
560,S. enterica,0.16,0.12
561,S. enterica,0.11999999999999998,0.1
562,S. enterica,0.040000000000000015,0.02000000000000001
563,S. enterica,0.16,0.07999999999999997
564,S. enterica,0.1,0.09999999999999998
565,S. enterica,0.02,0.0
566,S. enterica,0.040000000000000015,0.040000000000000015
567,S. enterica,0.18000000000000002,0.12
568,S. enterica,0.06000000000000001,0.04
569,S. enterica,0.04,0.02
570,S. enterica,0.14,0.08
571,S. enterica,0.07999999999999999,0.08
572,S. enterica,0.04,0.02
573,S. enterica,0.02000000000000001,0.0
574,S. enterica,0.18000000000000005,0.14
575,S. enterica,0.06000000000000001,0.04
576,S. enterica,0.02,0.0
577,S. enterica,0.12,0.07999999999999995
578,S. enterica,0.06,0.06000000000000001
579,S. enterica,0.06000000000000001,0.04
580,S. enterica,0.11999999999999998,0.05999999999999999
581,S. enterica,0.2000000000000001,0.1
582,S. enterica,0.12,0.04000000000000002
583,S. enterica,0.04,0.02
584,S. enterica,0.06000000000000001,0.019999999999999983
585,S. enterica,0.18000000000000002,0.14
586,S. enterica,0.06000000000000001,0.04
587,S. enterica,0.02,0.0
588,S. enterica,0.08000000000000003,0.06
589,S. enterica,0.12,0.08000000000000003
590,S. enterica,0.02,0.0
591,S. enterica,0.09999999999999996,0.05999999999999999
592,S. enterica,0.09999999999999998,0.06
593,S. enterica,0.1,0.06
594,S. enterica,0.02,0.0
595,S. enterica,0.11999999999999998,0.07999999999999999
596,S. enterica,0.14,0.08000000000000003
597,S. enterica,0.040000000000000015,0.02
598,S. enterica,0.11999999999999995,0.08000000000000003
599,S. enterica,0.11999999999999995,0.1
600,S. enterica,0.10000000000000002,0.04
601,S. enterica,0.040000000000000015,0.02000000000000001
602,S. enterica,0.14,0.08
603,S. enterica,0.11999999999999995,0.1
604,S. enterica,0.1,0.04
605,S. enterica,0.14,0.1
606,S. enterica,0.12,0.08000000000000003
607,S. enterica,0.12,0.08000000000000003
608,S. enterica,0.02,0.0
609,S. enterica,0.11999999999999998,0.06000000000000001
610,S. enterica,0.06,0.06
611,S. enterica,0.1,0.04
612,S. enterica,0.06000000000000001,0.02000000000000001
613,S. enterica,0.14,0.08
614,S. enterica,0.12,0.08000000000000003
615,S. enterica,0.08,0.06000000000000001
616,S. enterica,0.14,0.05999999999999999
617,S. enterica,0.09999999999999998,0.08
618,S. enterica,0.1,0.06
619,S. enterica,0.04,0.02
620,S. enterica,0.16000000000000006,0.07999999999999999
621,S. enterica,0.14,0.08000000000000003
622,S. enterica,0.040000000000000015,0.02
623,S. enterica,0.11999999999999998,0.08
624,S. enterica,0.11999999999999995,0.08000000000000003
625,S. enterica,0.16,0.12
626,S. enterica,0.040000000000000015,0.02000000000000001
627,S. enterica,0.12,0.060000000000000026
628,S. enterica,0.06,0.06000000000000001
629,S. enterica,0.1,0.06
630,S. enterica,0.08,0.02
631,S. enterica,0.08,0.06000000000000001
632,S. enterica,0.14,0.1
633,S. enterica,0.0,0.0
634,S. enterica,0.18000000000000002,0.08000000000000003
635,S. enterica,0.1,0.08000000000000003
636,S. enterica,0.1,0.04
637,S. enterica,0.060000000000000026,0.060000000000000026
638,S. enterica,0.18,0.06000000000000001
639,S. enterica,0.14,0.1
640,S. enterica,0.02,0.0
641,S. enterica,0.14,0.05999999999999999
642,S. enterica,0.18,0.14
643,S. enterica,0.1,0.06
644,S. enterica,0.02,0.0
645,S. enterica,0.18000000000000005,0.07999999999999999
646,S. enterica,0.15999999999999998,0.1
647,S. enterica,0.040000000000000015,0.02
648,S. enterica,0.14,0.08
649,S. enterica,0.11999999999999995,0.08000000000000003
650,S. enterica,0.1,0.06000000000000001
651,S. enterica,0.040000000000000015,0.02000000000000001
652,S. enterica,0.16000000000000006,0.060000000000000026
653,S. enterica,0.09999999999999998,0.08
654,S. enterica,0.16,0.12
655,S. enterica,0.11999999999999998,0.07999999999999999
656,S. enterica,0.11999999999999998,0.08000000000000003
657,S. enterica,0.14,0.1
658,S. enterica,0.0,0.0
659,S. enterica,0.16000000000000006,0.06000000000000001
660,S. enterica,0.1,0.08000000000000003
661,S. enterica,0.1,0.06
662,S. enterica,0.06,0.05999999999999999
663,S. enterica,0.15999999999999998,0.06000000000000001
664,S. enterica,0.18000000000000002,0.12
665,S. enterica,0.02,0.0
666,S. enterica,0.14,0.07999999999999997
667,S. enterica,0.06000000000000001,0.04
668,S. enterica,0.1,0.06
669,S. enterica,0.02,0.0
670,S. enterica,0.14,0.08
671,S. enterica,0.09999999999999998,0.06000000000000001
672,S. enterica,0.040000000000000015,0.02
673,S. enterica,0.060000000000000026,0.0
674,S. enterica,0.09999999999999998,0.06
675,S. enterica,0.14,0.06000000000000001
676,S. enterica,0.040000000000000015,0.02000000000000001
677,S. enterica,0.16000000000000006,0.060000000000000026
678,S. enterica,0.11999999999999995,0.1
679,S. enterica,0.1,0.06000000000000001
680,S. enterica,0.11999999999999995,0.06
681,S. enterica,0.38000000000000017,0.11999999999999998
682,S. enterica,0.16,0.14
683,S. enterica,0.08,0.019999999999999983
684,S. enterica,0.2800000000000001,0.07999999999999999
685,S. enterica,0.08,0.06000000000000001
686,S. enterica,0.09999999999999996,0.06
0,S. rubiginosus,0.04,0.02
1,S. rubiginosus,0.08,0.07999999999999997
2,S. rubiginosus,0.0,0.0
3,S. rubiginosus,0.0,0.0
4,S. rubiginosus,0.1,0.06000000000000001
5,S. rubiginosus,0.06000000000000001,0.06000000000000001
6,S. rubiginosus,0.0,0.0
7,S. rubiginosus,0.0,0.0
8,S. rubiginosus,0.0,0.0
9,S. rubiginosus,0.04,0.0
10,S. rubiginosus,0.04,0.019999999999999997
11,S. rubiginosus,0.06,0.02
12,S. rubiginosus,0.1,0.06
13,S. rubiginosus,0.08000000000000003,0.02000000000000001
14,S. rubiginosus,0.02,0.019999999999999997
15,S. rubiginosus,0.02000000000000001,0.02000000000000001
16,S. rubiginosus,0.14,0.1
17,S. rubiginosus,0.02,0.02
18,S. rubiginosus,0.0,0.0
19,S. rubiginosus,0.04,0.02
20,S. rubiginosus,0.08000000000000003,0.06
21,S. rubiginosus,0.02,0.02
22,S. rubiginosus,0.0,0.0
23,S. rubiginosus,0.02,0.02
24,S. rubiginosus,0.06000000000000001,0.05999999999999999
25,S. rubiginosus,0.0,0.0
26,S. rubiginosus,0.0,0.0
27,S. rubiginosus,0.1,0.060000000000000026
28,S. rubiginosus,0.07999999999999999,0.07999999999999997
29,S. rubiginosus,0.0,0.0
30,S. rubiginosus,0.05999999999999998,0.04
31,S. rubiginosus,0.08,0.06000000000000001
32,S. rubiginosus,0.07999999999999999,0.06000000000000001
33,S. rubiginosus,0.03999999999999999,0.04
34,S. rubiginosus,0.02,0.0
35,S. rubiginosus,0.12,0.07999999999999999
36,S. rubiginosus,0.07999999999999999,0.06
37,S. rubiginosus,0.02000000000000001,0.02000000000000001
38,S. rubiginosus,0.0,0.0
39,S. rubiginosus,0.020000000000000004,0.0
40,S. rubiginosus,0.1,0.08
41,S. rubiginosus,0.02000000000000001,0.02000000000000001
42,S. rubiginosus,0.04,0.02
43,S. rubiginosus,0.1,0.04
44,S. rubiginosus,0.06000000000000001,0.06000000000000001
45,S. rubiginosus,0.019999999999999997,0.02
46,S. rubiginosus,0.06000000000000001,0.019999999999999997
47,S. rubiginosus,0.1,0.02
48,S. rubiginosus,0.0,0.0
49,S. rubiginosus,0.02,0.0
50,S. rubiginosus,0.060000000000000026,0.02000000000000001
51,S. rubiginosus,0.16,0.06000000000000001
52,S. rubiginosus,0.04000000000000002,0.02000000000000001
53,S. rubiginosus,0.0,0.0
54,S. rubiginosus,0.08,0.03999999999999999
55,S. rubiginosus,0.2,0.13999999999999996
56,S. rubiginosus,0.02000000000000001,0.02000000000000001
57,S. rubiginosus,0.02,0.0
58,S. rubiginosus,0.10000000000000002,0.04
59,S. rubiginosus,0.14,0.09999999999999998
60,S. rubiginosus,0.02000000000000001,0.02000000000000001
61,S. rubiginosus,0.04,0.02
62,S. rubiginosus,0.06000000000000001,0.02
63,S. rubiginosus,0.1,0.08000000000000003
64,S. rubiginosus,0.019999999999999997,0.02
65,S. rubiginosus,0.040000000000000015,0.02000000000000001
66,S. rubiginosus,0.10000000000000002,0.06000000000000001
67,S. rubiginosus,0.08000000000000003,0.06
68,S. rubiginosus,0.019999999999999997,0.02
69,S. rubiginosus,0.06,0.020000000000000004
70,S. rubiginosus,0.11999999999999998,0.06
71,S. rubiginosus,0.12,0.08
72,S. rubiginosus,0.02000000000000001,0.02000000000000001
73,S. rubiginosus,0.08,0.04
74,S. rubiginosus,0.12,0.04
75,S. rubiginosus,0.08000000000000003,0.07999999999999999
76,S. rubiginosus,0.02,0.019999999999999997
77,S. rubiginosus,0.08,0.04
78,S. rubiginosus,0.06000000000000001,0.04
79,S. rubiginosus,0.02,0.02
80,S. rubiginosus,0.040000000000000015,0.040000000000000015
81,S. rubiginosus,0.04,0.02
82,S. rubiginosus,0.0,0.0
83,S. rubiginosus,0.0,0.0
84,S. rubiginosus,0.03999999999999998,0.04000000000000002
85,S. rubiginosus,0.0,0.0
86,S. rubiginosus,0.12,0.09999999999999998
87,S. rubiginosus,0.02,0.0
88,S. rubiginosus,0.040000000000000015,0.02000000000000001
89,S. rubiginosus,0.02,0.0
90,S. rubiginosus,0.07999999999999999,0.06000000000000001
91,S. rubiginosus,0.04,0.019999999999999997
92,S. rubiginosus,0.02,0.01999999999999999
93,S. rubiginosus,0.020000000000000004,0.02
94,S. rubiginosus,0.04,0.02
95,S. rubiginosus,0.02000000000000001,0.02000000000000001
96,S. rubiginosus,0.040000000000000015,0.02
97,S. rubiginosus,0.08,0.06000000000000001
98,S. rubiginosus,0.04,0.02
99,S. rubiginosus,0.019999999999999997,0.02
100,S. rubiginosus,0.020000000000000004,0.02
101,S. rubiginosus,0.08,0.06000000000000001
102,S. rubiginosus,0.0,0.0
103,S. rubiginosus,0.019999999999999997,0.02
104,S. rubiginosus,0.040000000000000015,0.01999999999999999
105,S. rubiginosus,0.040000000000000015,0.040000000000000015
106,S. rubiginosus,0.0,0.0
107,S. rubiginosus,0.02000000000000001,0.02000000000000001
108,S. rubiginosus,0.07999999999999999,0.05999999999999998
109,S. rubiginosus,0.040000000000000015,0.02
110,S. rubiginosus,0.02000000000000001,0.02
111,S. rubiginosus,0.0,0.0
112,S. rubiginosus,0.1,0.06000000000000001
113,S. rubiginosus,0.02,0.0
114,S. rubiginosus,0.02,0.02
115,S. rubiginosus,0.040000000000000015,0.040000000000000015
116,S. rubiginosus,0.06000000000000001,0.04
117,S. rubiginosus,0.06000000000000001,0.05999999999999999
118,S. rubiginosus,0.04,0.02
119,S. rubiginosus,0.03999999999999998,0.02000000000000001
120,S. rubiginosus,0.06000000000000001,0.040000000000000015
121,S. rubiginosus,0.12,0.09999999999999998
122,S. rubiginosus,0.040000000000000015,0.040000000000000015
123,S. rubiginosus,0.02,0.0
124,S. rubiginosus,0.060000000000000026,0.06000000000000001
125,S. rubiginosus,0.02,0.020000000000000004
126,S. rubiginosus,0.020000000000000004,0.0
127,S. rubiginosus,0.02,0.02
128,S. rubiginosus,0.11999999999999998,0.08
129,S. rubiginosus,0.06000000000000001,0.020000000000000004
130,S. rubiginosus,0.04000000000000002,0.02000000000000001
131,S. rubiginosus,0.06000000000000001,0.04
132,S. rubiginosus,0.06000000000000001,0.04
133,S. rubiginosus,0.1,0.08000000000000003
134,S. rubiginosus,0.019999999999999997,0.02
135,S. rubiginosus,0.040000000000000015,0.04
136,S. rubiginosus,0.0,0.0
137,S. rubiginosus,0.1,0.08
138,S. rubiginosus,0.02,0.019999999999999997
139,S. rubiginosus,0.06,0.04
140,S. rubiginosus,0.0,0.0
141,S. rubiginosus,0.08000000000000003,0.08000000000000003
142,S. rubiginosus,0.02,0.019999999999999997
143,S. rubiginosus,0.08,0.04
144,S. rubiginosus,0.09999999999999998,0.07999999999999999
145,S. rubiginosus,0.06000000000000001,0.06000000000000001
146,S. rubiginosus,0.019999999999999997,0.02
147,S. rubiginosus,0.08,0.05999999999999999
148,S. rubiginosus,0.14,0.1
149,S. rubiginosus,0.04,0.04
150,S. rubiginosus,0.0,0.0
151,S. rubiginosus,0.06000000000000001,0.040000000000000015
152,S. rubiginosus,0.14,0.1
153,S. rubiginosus,0.04000000000000002,0.040000000000000015
154,S. rubiginosus,0.03999999999999998,0.02000000000000001
155,S. rubiginosus,0.08,0.06000000000000001
156,S. rubiginosus,0.08,0.08
157,S. rubiginosus,0.040000000000000015,0.040000000000000015
158,S. rubiginosus,0.0,0.0
159,S. rubiginosus,0.14,0.1
160,S. rubiginosus,0.08000000000000003,0.07999999999999999
161,S. rubiginosus,0.02000000000000001,0.02000000000000001
162,S. rubiginosus,0.020000000000000004,0.02
163,S. rubiginosus,0.02,0.01999999999999999
164,S. rubiginosus,0.02,0.02
165,S. rubiginosus,0.020000000000000004,0.0
166,S. rubiginosus,0.08,0.06
167,S. rubiginosus,0.1,0.06000000000000001
168,S. rubiginosus,0.08,0.02000000000000001
169,S. rubiginosus,0.02000000000000001,0.02000000000000001
170,S. rubiginosus,0.040000000000000015,0.04
171,S. rubiginosus,0.08,0.06
172,S. rubiginosus,0.1,0.08
173,S. rubiginosus,0.02,0.019999999999999997
174,S. rubiginosus,0.06,0.04
175,S. rubiginosus,0.04,0.019999999999999997
176,S. rubiginosus,0.1,0.08
177,S. rubiginosus,0.02,0.019999999999999997
178,S. rubiginosus,0.060000000000000026,0.06000000000000001
179,S. rubiginosus,0.06,0.06
180,S. rubiginosus,0.02,0.020000000000000004
181,S. rubiginosus,0.02000000000000001,0.02000000000000001
182,S. rubiginosus,0.07999999999999999,0.06
183,S. rubiginosus,0.14,0.12
184,S. rubiginosus,0.02,0.02
185,S. rubiginosus,0.02000000000000001,0.02000000000000001
186,S. rubiginosus,0.07999999999999999,0.04
187,S. rubiginosus,0.14,0.09999999999999998
188,S. rubiginosus,0.04000000000000002,0.040000000000000015
189,S. rubiginosus,0.02,0.0
190,S. rubiginosus,0.11999999999999998,0.08000000000000003
191,S. rubiginosus,0.1,0.1
192,S. rubiginosus,0.0,0.0
193,S. rubiginosus,0.0,0.0
194,S. rubiginosus,0.08,0.05999999999999999
195,S. rubiginosus,0.1,0.07999999999999999
196,S. rubiginosus,0.019999999999999997,0.02
197,S. rubiginosus,0.040000000000000015,0.04
198,S. rubiginosus,0.1,0.06000000000000001
199,S. rubiginosus,0.08000000000000003,0.08000000000000003
200,S. rubiginosus,0.019999999999999997,0.02
201,S. rubiginosus,0.040000000000000015,0.04
202,S. rubiginosus,0.0,0.0
203,S. rubiginosus,0.020000000000000004,0.02000000000000001
204,S. rubiginosus,0.020000000000000004,0.0
205,S. rubiginosus,0.1,0.06000000000000001
206,S. rubiginosus,0.1,0.06000000000000001
207,S. rubiginosus,0.08,0.02
208,S. rubiginosus,0.019999999999999983,0.019999999999999983
209,S. rubiginosus,0.04,0.04
210,S. rubiginosus,0.1,0.06000000000000001
211,S. rubiginosus,0.1,0.08
212,S. rubiginosus,0.02,0.02
213,S. rubiginosus,0.08,0.060000000000000026
214,S. rubiginosus,0.08,0.06
215,S. rubiginosus,0.04,0.02
216,S. rubiginosus,0.02000000000000001,0.02000000000000001
217,S. rubiginosus,0.06,0.06
218,S. rubiginosus,0.06000000000000001,0.06
219,S. rubiginosus,0.02,0.02
220,S. rubiginosus,0.01999999999999998,0.02000000000000001
221,S. rubiginosus,0.07999999999999999,0.06000000000000001
222,S. rubiginosus,0.14,0.12
223,S. rubiginosus,0.02,0.02
224,S. rubiginosus,0.06,0.03999999999999999
225,S. rubiginosus,0.1,0.08000000000000003
226,S. rubiginosus,0.08,0.08000000000000003
227,S. rubiginosus,0.02,0.019999999999999997
228,S. rubiginosus,0.02,0.0
229,S. rubiginosus,0.14,0.1
230,S. rubiginosus,0.08,0.08
231,S. rubiginosus,0.0,0.0
232,S. rubiginosus,0.040000000000000015,0.04
233,S. rubiginosus,0.040000000000000015,0.02
234,S. rubiginosus,0.1,0.08000000000000003
235,S. rubiginosus,0.019999999999999997,0.02
236,S. rubiginosus,0.06000000000000001,0.04
237,S. rubiginosus,0.1,0.06
238,S. rubiginosus,0.08,0.08000000000000003
239,S. rubiginosus,0.02,0.019999999999999997
240,S. rubiginosus,0.06,0.04
241,S. rubiginosus,0.0,0.0
242,S. rubiginosus,0.02,0.02
243,S. rubiginosus,0.02,0.0
244,S. rubiginosus,0.06000000000000001,0.04
245,S. rubiginosus,0.12,0.04
246,S. rubiginosus,0.060000000000000026,0.040000000000000015
247,S. rubiginosus,0.0,0.0
248,S. rubiginosus,0.08,0.06000000000000001
249,S. rubiginosus,0.14,0.1
250,S. rubiginosus,0.04,0.02
251,S. rubiginosus,0.02000000000000001,0.02000000000000001
252,S. rubiginosus,0.06,0.05999999999999999
253,S. rubiginosus,0.08000000000000003,0.05999999999999999
254,S. rubiginosus,0.04,0.02
255,S. rubiginosus,0.03999999999999998,0.02000000000000001
256,S. rubiginosus,0.06,0.06000000000000001
257,S. rubiginosus,0.06,0.05999999999999999
258,S. rubiginosus,0.040000000000000015,0.040000000000000015
259,S. rubiginosus,0.02,0.0
260,S. rubiginosus,0.14,0.1
261,S. rubiginosus,0.1,0.1
262,S. rubiginosus,0.02000000000000001,0.02000000000000001
263,S. rubiginosus,0.039999999999999966,0.04
264,S. rubiginosus,0.11999999999999998,0.1
265,S. rubiginosus,0.08,0.08000000000000003
266,S. rubiginosus,0.02,0.019999999999999997
267,S. rubiginosus,0.040000000000000015,0.04
268,S. rubiginosus,0.12,0.07999999999999999
269,S. rubiginosus,0.08,0.08000000000000003
270,S. rubiginosus,0.0,0.0
271,S. rubiginosus,0.06000000000000001,0.04000000000000002
272,S. rubiginosus,0.02,0.0
273,S. rubiginosus,0.1,0.08
274,S. rubiginosus,0.02000000000000001,0.02000000000000001
275,S. rubiginosus,0.08,0.04
276,S. rubiginosus,0.06,0.04
277,S. rubiginosus,0.08000000000000003,0.08
278,S. rubiginosus,0.02,0.019999999999999997
279,S. rubiginosus,0.08000000000000003,0.06000000000000001
280,S. rubiginosus,0.0,0.0
281,S. rubiginosus,0.02,0.020000000000000004
282,S. rubiginosus,0.02,0.0
283,S. rubiginosus,0.07999999999999999,0.06
284,S. rubiginosus,0.12,0.04
285,S. rubiginosus,0.06000000000000001,0.04
286,S. rubiginosus,0.0,0.0
287,S. rubiginosus,0.06000000000000001,0.040000000000000015
288,S. rubiginosus,0.16,0.11999999999999998
289,S. rubiginosus,0.02,0.02
290,S. rubiginosus,0.01999999999999998,0.02000000000000001
291,S. rubiginosus,0.040000000000000015,0.04
292,S. rubiginosus,0.1,0.08
293,S. rubiginosus,0.040000000000000015,0.040000000000000015
294,S. rubiginosus,0.02,0.0
295,S. rubiginosus,0.040000000000000015,0.04
296,S. rubiginosus,0.08000000000000003,0.07999999999999999
297,S. rubiginosus,0.02000000000000001,0.02000000000000001
298,S. rubiginosus,0.040000000000000015,0.02
299,S. rubiginosus,0.1,0.05999999999999999
300,S. rubiginosus,0.1,0.10000000000000002
301,S. rubiginosus,0.019999999999999997,0.02
302,S. rubiginosus,0.08,0.060000000000000026
303,S. rubiginosus,0.06000000000000001,0.04
304,S. rubiginosus,0.08,0.08000000000000003
305,S. rubiginosus,0.02,0.019999999999999997
306,S. rubiginosus,0.06000000000000001,0.040000000000000015
307,S. rubiginosus,0.06000000000000001,0.04
308,S. rubiginosus,0.08,0.08000000000000003
309,S. rubiginosus,0.0,0.0
310,S. rubiginosus,0.08,0.04
311,S. rubiginosus,0.0,0.0
312,S. rubiginosus,0.1,0.08
313,S. rubiginosus,0.019999999999999997,0.02
314,S. rubiginosus,0.08,0.04
315,S. rubiginosus,0.12,0.1
316,S. rubiginosus,0.02,0.020000000000000004
317,S. rubiginosus,0.02000000000000001,0.02000000000000001
318,S. rubiginosus,0.07999999999999999,0.06
319,S. rubiginosus,0.0,0.0
320,S. rubiginosus,0.040000000000000015,0.02
321,S. rubiginosus,0.0,0.0
322,S. rubiginosus,0.07999999999999999,0.06000000000000001
323,S. rubiginosus,0.12,0.04
324,S. rubiginosus,0.060000000000000026,0.040000000000000015
325,S. rubiginosus,0.02,0.0
326,S. rubiginosus,0.1,0.08000000000000003
327,S. rubiginosus,0.1,0.08
328,S. rubiginosus,0.02000000000000001,0.02000000000000001
329,S. rubiginosus,0.0,0.0
330,S. rubiginosus,0.040000000000000015,0.04
331,S. rubiginosus,0.1,0.07999999999999999
332,S. rubiginosus,0.019999999999999997,0.02
333,S. rubiginosus,0.06000000000000001,0.04
334,S. rubiginosus,0.0,0.0
335,S. rubiginosus,0.08000000000000003,0.08000000000000003
336,S. rubiginosus,0.019999999999999997,0.02
337,S. rubiginosus,0.06000000000000001,0.04
338,S. rubiginosus,0.08,0.04
339,S. rubiginosus,0.1,0.10000000000000002
340,S. rubiginosus,0.019999999999999997,0.02
341,S. rubiginosus,0.07999999999999999,0.06000000000000001
342,S. rubiginosus,0.08,0.04
343,S. rubiginosus,0.08000000000000003,0.07999999999999999
344,S. rubiginosus,0.02000000000000001,0.02000000000000001
345,S. rubiginosus,0.06000000000000001,0.04
346,S. rubiginosus,0.1,0.06000000000000001
347,S. rubiginosus,0.08000000000000003,0.08000000000000003
348,S. rubiginosus,0.019999999999999997,0.02
349,S. rubiginosus,0.08,0.04
350,S. rubiginosus,0.06,0.06
351,S. rubiginosus,0.04,0.02
352,S. rubiginosus,0.02000000000000001,0.02000000000000001
353,S. rubiginosus,0.08,0.040000000000000015
354,S. rubiginosus,0.12,0.1
355,S. rubiginosus,0.02,0.02
356,S. rubiginosus,0.03999999999999998,0.02000000000000001
357,S. rubiginosus,0.06,0.06000000000000001
358,S. rubiginosus,0.0,0.0
359,S. rubiginosus,0.04,0.02
360,S. rubiginosus,0.0,0.0
361,S. rubiginosus,0.14,0.1
362,S. rubiginosus,0.06000000000000001,0.020000000000000004
363,S. rubiginosus,0.04,0.019999999999999997
364,S. rubiginosus,0.02,0.0
365,S. rubiginosus,0.1,0.08
366,S. rubiginosus,0.1,0.08000000000000003
367,S. rubiginosus,0.02000000000000001,0.02000000000000001
368,S. rubiginosus,0.040000000000000015,0.04
369,S. rubiginosus,0.0,0.0
370,S. rubiginosus,0.1,0.08000000000000003
371,S. rubiginosus,0.019999999999999997,0.02
372,S. rubiginosus,0.06000000000000001,0.04
373,S. rubiginosus,0.0,0.0
374,S. rubiginosus,0.08,0.08000000000000003
375,S. rubiginosus,0.02,0.019999999999999997
376,S. rubiginosus,0.08,0.04
377,S. rubiginosus,0.08,0.06000000000000001
378,S. rubiginosus,0.08000000000000003,0.08000000000000003
379,S. rubiginosus,0.02,0.019999999999999997
380,S. rubiginosus,0.08000000000000003,0.05999999999999999
381,S. rubiginosus,0.14,0.1
382,S. rubiginosus,0.04000000000000002,0.04000000000000002
383,S. rubiginosus,0.0,0.0
384,S. rubiginosus,0.06000000000000001,0.04
385,S. rubiginosus,0.14,0.1
386,S. rubiginosus,0.040000000000000015,0.040000000000000015
387,S. rubiginosus,0.02000000000000001,0.02000000000000001
388,S. rubiginosus,0.1,0.06
389,S. rubiginosus,0.08,0.07999999999999997
390,S. rubiginosus,0.02,0.02
391,S. rubiginosus,0.03999999999999998,0.02000000000000001
392,S. rubiginosus,0.1,0.06
393,S. rubiginosus,0.1,0.1
394,S. rubiginosus,0.040000000000000015,0.040000000000000015
395,S. rubiginosus,0.02,0.0
396,S. rubiginosus,0.040000000000000015,0.04
397,S. rubiginosus,0.02,0.020000000000000004
398,S. rubiginosus,0.020000000000000004,0.0
399,S. rubiginosus,0.04,0.04
400,S. rubiginosus,0.12,0.08
401,S. rubiginosus,0.06,0.02000000000000001
402,S. rubiginosus,0.04,0.019999999999999997
403,S. rubiginosus,0.06000000000000001,0.04
404,S. rubiginosus,0.08,0.06000000000000001
405,S. rubiginosus,0.1,0.08
406,S. rubiginosus,0.02000000000000001,0.02000000000000001
407,S. rubiginosus,0.040000000000000015,0.04000000000000002
408,S. rubiginosus,0.02,0.02
409,S. rubiginosus,0.1,0.08
410,S. rubiginosus,0.02000000000000001,0.02000000000000001
411,S. rubiginosus,0.06,0.04
412,S. rubiginosus,0.02,0.019999999999999997
413,S. rubiginosus,0.08000000000000003,0.08
414,S. rubiginosus,0.02,0.019999999999999997
415,S. rubiginosus,0.10000000000000002,0.06000000000000001
416,S. rubiginosus,0.14,0.12
417,S. rubiginosus,0.02,0.020000000000000004
418,S. rubiginosus,0.02000000000000001,0.02000000000000001
419,S. rubiginosus,0.06,0.04000000000000002
420,S. rubiginosus,0.14,0.1
421,S. rubiginosus,0.040000000000000015,0.04
422,S. rubiginosus,0.0,0.0
423,S. rubiginosus,0.07999999999999999,0.06000000000000001
424,S. rubiginosus,0.14,0.09999999999999998
425,S. rubiginosus,0.04000000000000002,0.040000000000000015
426,S. rubiginosus,0.03999999999999998,0.02000000000000001
0,T. thermophilus,0.3400000000000001,0.20000000000000004
1,T. thermophilus,0.3000000000000001,0.22000000000000006
2,T. thermophilus,0.3400000000000001,0.2800000000000001
3,T. thermophilus,0.11999999999999998,0.1
4,T. thermophilus,0.2600000000000001,0.20000000000000004
5,T. thermophilus,0.3600000000000001,0.2800000000000001
6,T. thermophilus,0.3400000000000001,0.2800000000000001
7,T. thermophilus,0.06000000000000001,0.04
8,T. thermophilus,0.2800000000000001,0.1
9,T. thermophilus,0.2800000000000001,0.18000000000000005
10,T. thermophilus,0.2800000000000001,0.15999999999999998
11,T. thermophilus,0.2800000000000001,0.18000000000000005
12,T. thermophilus,0.2600000000000001,0.15999999999999998
13,T. thermophilus,0.3000000000000001,0.18
