,*,A,C,D,E,F,G,H,I,K,L,M,N,P,Q,R,S,T,V,W,X,Y
*,159.0000000001,1e-10,1e-10,1e-10,1e-10,1e-10,1e-10,1e-10,1e-10,1e-10,1e-10,1e-10,1e-10,1e-10,1e-10,1e-10,1e-10,1e-10,1e-10,1e-10,1e-10,1e-10
B,1e-10,2.0000000001,156.0000000001,1e-10,156.0000000001,1e-10,2.0000000001,313.0000000001,1e-10,1e-10,312.0000000001,1e-10,1e-10,1e-10,1e-10,1.0000000001,2.0000000001,1.0000000001,1e-10,1e-10,1e-10,1.0000000001
C,1e-10,1210.0000000001,2.0000000001,800.0000000001,321.0000000001,163.0000000001,1376.0000000001,164.0000000001,793.0000000001,36.0000000001,849.0000000001,1071.0000000001,736.0000000001,1995.0000000001,477.0000000001,320.0000000001,685.0000000001,479.0000000001,816.0000000001,1.0000000001,1e-10,3.0000000001
E,1e-10,401.0000000001,159.0000000001,162.0000000001,270.0000000001,163.0000000001,476.0000000001,158.0000000001,336.0000000001,316.0000000001,756.0000000001,213.0000000001,159.0000000001,5.0000000001,2.0000000001,12.0000000001,7.0000000001,168.0000000001,1451.0000000001,2.0000000001,1e-10,4.0000000001
G,1e-10,499.0000000001,1e-10,156.0000000001,211.0000000001,1.0000000001,289.0000000001,1.0000000001,1e-10,54.0000000001,219.0000000001,1.0000000001,1.0000000001,573.0000000001,79.0000000001,367.0000000001,237.0000000001,3.0000000001,315.0000000001,156.0000000001,1e-10,158.0000000001
H,1e-10,5624.0000000001,627.0000000001,949.0000000001,928.0000000001,631.0000000001,1059.0000000001,631.0000000001,1454.0000000001,438.0000000001,3028.0000000001,1151.0000000001,634.0000000001,346.0000000001,1121.0000000001,1570.0000000001,977.0000000001,1270.0000000001,2464.0000000001,6.0000000001,1e-10,316.0000000001
I,1e-10,1e-10,1e-10,1e-10,1e-10,1e-10,1e-10,1e-10,1e-10,1e-10,1e-10,1e-10,1e-10,1e-10,1e-10,1e-10,1e-10,1e-10,1e-10,1e-10,1e-10,1e-10
S,1e-10,628.0000000001,1e-10,160.0000000001,342.0000000001,5.0000000001,668.0000000001,1e-10,3.0000000001,133.0000000001,189.0000000001,186.0000000001,5.0000000001,57.0000000001,4.0000000001,159.0000000001,109.0000000001,317.0000000001,289.0000000001,1.0000000001,1e-10,208.0000000001
T,1e-10,581.0000000001,156.0000000001,168.0000000001,85.0000000001,7.0000000001,2157.0000000001,1.0000000001,287.0000000001,319.0000000001,347.0000000001,157.0000000001,529.0000000001,507.0000000001,38.0000000001,293.0000000001,322.0000000001,9.0000000001,214.0000000001,1e-10,1e-10,1.0000000001
