,*,A,C,D,E,F,G,H,I,K,L,M,N,P,Q,R,S,T,V,W,X,Y
*,49.0,0.0,0.0,0.0,0.0,0.0,0.0,0.0,0.0,0.0,0.0,0.0,0.0,0.0,0.0,0.0,0.0,0.0,0.0,0.0,0.0,0.0
B,0.0,0.0,0.0,51.0,0.0,0.0,0.0,0.0,0.0,45.0,0.0,0.0,0.0,0.0,48.0,0.0,0.0,1.0,1.0,0.0,0.0,0.0
C,0.0,213.0,1.0,194.0,45.0,50.0,387.0,136.0,52.0,96.0,85.0,49.0,150.0,117.0,38.0,51.0,108.0,147.0,99.0,62.0,0.0,1.0
E,0.0,149.0,0.0,48.0,2.0,1.0,3.0,50.0,151.0,2.0,153.0,49.0,96.0,2.0,49.0,49.0,100.0,98.0,437.0,0.0,0.0,146.0
G,0.0,0.0,0.0,51.0,13.0,90.0,126.0,0.0,12.0,45.0,144.0,13.0,144.0,1.0,3.0,94.0,55.0,1.0,0.0,1.0,0.0,21.0
H,0.0,99.0,3.0,55.0,129.0,57.0,245.0,4.0,147.0,196.0,348.0,53.0,319.0,51.0,98.0,43.0,295.0,101.0,246.0,3.0,0.0,253.0
I,0.0,0.0,0.0,0.0,0.0,0.0,0.0,0.0,0.0,0.0,0.0,0.0,0.0,0.0,0.0,0.0,0.0,0.0,0.0,0.0,0.0,0.0
S,0.0,51.0,0.0,53.0,2.0,1.0,144.0,12.0,49.0,51.0,50.0,45.0,8.0,7.0,13.0,0.0,2.0,48.0,51.0,36.0,0.0,26.0
T,0.0,35.0,0.0,19.0,14.0,3.0,249.0,50.0,73.0,85.0,4.0,1.0,100.0,44.0,48.0,1.0,100.0,97.0,1.0,0.0,0.0,4.0
